"Method","MSE","Bias"
"Adaptive RF (honesty=FALSE)",0.203058464493159,-0.0172070441864726
"Honest CF (honesty=TRUE)",0.0504660300751793,-0.0193785718638224
