rho,method,bias,variance,rmse,coverage,ci_length
0.0,Naive,-1.4132912844364438,0.0008802888433612883,1.4136026823359436,0.0,0.5391946792050487
0.0,DML,-0.06091273681931453,0.004088991837862689,0.08831394762256856,0.79,0.22144546455542458
0.3,Naive,-1.323867693512653,0.001334607838724891,1.3243716539420638,0.0,0.5669755653538223
0.3,DML,0.2298688249366032,0.0032455283217904135,0.23682315131660003,0.01,0.2206985403198205
