rho,method,bias,variance,rmse,coverage,ci_length
0.0,Naive,-1.4145650346023746,0.000819523879826852,1.4148546784032077,0.0,0.08694149386283286
0.0,DML,-0.035237787060598214,0.004013487662911466,0.07249268445739555,0.87,0.21581624734478336
0.3,Naive,-1.3275730383976394,0.0010177351763405171,1.3279562897387402,0.0,0.09143748208646198
0.3,DML,0.2594492135932369,0.0039647355915089855,0.2669805798661353,0.01,0.21294727142021866
